entity,count
ai,26
trump,26
has,25
york,22
former,20
foti,20
li,20
have,19
ksf,16
will,16
state,16
charles,15
investors,14
city,14
what,14
president,14
october,13
up,13
louisiana,12
attorney,12
general,12
kahn,12
swick,12
following,12
comments,12
first,12
india,12
gt,12
against,11
stock,11
year,11
said,11
announced,11
china,11
times,11
lead,10
globe,10
partner,10
th,10
world,10
out,10
take,10
why,10
media,10
netflix,10
newswire,9
market,9
post,9
deal,9
shares,9
jack,9
any,9
britney,9
com,9
where,9
all,9
down,9
plaintiff,8
orleans,8
jr,8
remind,8
day,8
one,8
while,8
two,8
st,8
county,8
bank,8
chairman,8
fine,8
print,8
owned,8
whoever,8
responsible,8
way,8
kevin,8
federline,8
south,8
high,8
ul,8
overhaul,8
spotify,8
how,7
leaders,7
could,7
federal,7
court,7
smith,7
video,7
spears,7
part,7
there,7
games,7
jobs,7
gulf,7
chicago,7
action,6
night,6
future,6
run,6
can,6
appeared,6
both,6
charges,6
use,6
trade,6
boston,6
hub,6
artificial,6
intelligence,6
billion,6
some,6
schools,6
game,6
three,6
donald,6
business,6
accident,6
now,6
like,6
items,6
coach,6
football,6
residents,6
supply,6
goldman,6
sachs,6
cutting,6
caused,6
gm,6
bring,6
podcasts,6
lg,6
international,6
kansas,6
annual,5
buy,5
last,5
rural,5
latest,5
dancing,5
going,5
shared,5
led,5
around,5
season,5
right,5
week,5
street,5
gas,5
house,5
jim,5
jordan,5
google,5
plans,5
governor,5
claims,5
students,5
immigration,5
red,5
had,5
reports,5
tom,5
debut,5
edmonton,5
joe,5
plus,5
morning,5
see,5
which,5
people,5
shores,5
full,5
social,5
global,5
would,5
power,5
copper,5
los,5
angeles,5
ad,5
apple,5
oil,5
shows,5
won,5
draftkings,5
celtics,5
shareholder,4
alert,4
reminds,4
losses,4
excess,4
deadline,4
class,4
lawsuit,4
until,4
file,4
summit,4
release,4
note,4
removed,4
support,4
region,4
online,4
husband,4
stars,4
episode,4
look,4
government,4
sustainability,4
elsbeth,4
still,4
set,4
cbs,4
liberal,4
build,4
dr,4
asx,4
judiciary,4
testify,4
abc,4
administration,4
invest,4
visakhapatnam,4
site,4
man,4
pleads,4
guilty,4
arson,4
attack,4
washington,4
say,4
crackdown,4
bregman,4
coming,4
off,4
oilers,4
team,4
who,4
achieved,4
container,4
lorry,4
involving,4
health,4
puerto,4
rico,4
lottery,4
winner,4
big,4
national,4
prime,4
five,4
racist,4
fire,4
crypto,4
investigation,4
bengals,4
wilson,4
much,4
special,4
penn,4
surging,4
hot,4
plant,4
suv,4
factory,4
macquarie,4
capstone,4
key,4
due,4
officials,4
lee,4
record,4
low,4
potential,4
follow,4
cheque,4
clearing,4
tensions,4
partnership,4
devices,4
bars,4
airing,4
youtube,4
breaks,4
integrated,4
ads,4
remain,4
must,4
page,4
month,4
stablecoin,4
pm,4
home,4
alaska,4
church,4
measles,4
efron,4
sister,4
ark,4
vietnam,4
ranked,4
november,3
suite,3
hmg,3
strategy,3
tech,3
earlier,3
list,3
updates,3
prices,3
debt,3
te,3
pentatonix,3
scott,3
hoying,3
mark,3
announce,3
old,3
winning,3
singer,3
package,3
tourism,3
governments,3
driving,3
industry,3
innovation,3
afternoon,3
official,3
preview,3
check,3
split,3
party,3
crikey,3
georgia,3
bulldogs,3
ole,3
miss,3
rebels,3
described,3
soon,3
only,3
higher,3
session,3
strong,3
healey,3
regulators,3
issue,3
got,3
calls,3
investigations,3
large,3
investment,3
initiative,3
id,3
do,3
time,3
pennsylvania,3
released,3
wedding,3
uk,3
amid,3
panel,3
catches,3
local,3
agency,3
veteran,3
warning,3
hamas,3
hostages,3
top,3
rangers,3
roslovic,3
https,3
alan,3
dershowitz,3
obama,3
fell,3
menora,3
kuala,3
kangsar,3
northbound,3
north,3
happened,3
sanford,3
half,3
access,3
met,3
opposition,3
minister,3
unfolded,3
chinese,3
economy,3
inflows,3
welcome,3
question,3
years,3
bihar,3
discussing,3
assembly,3
competitive,3
grant,3
coast,3
find,3
missing,3
events,3
claim,3
significant,3
stocks,3
family,3
expressed,3
situation,3
disney,3
dead,3
property,3
logan,3
played,3
snippets,3
supreme,3
justice,3
plays,3
role,3
hire,3
add,3
jeep,3
stellantis,3
nebraska,3
ballot,3
initiatives,3
vote,3
hand,3
another,3
end,3
six,3
rate,3
sell,3
emergency,3
provide,3
issues,3
war,3
exclusive,3
arthur,3
hayes,3
ether,3
break,3
hit,3
when,3
movie,3
exports,3
delhi,3
teething,3
troubles,3
intel,3
processing,3
daily,3
summary,3
stories,3
snap,3
already,3
falling,3
politically,3
motivated,3
oracle,3
amd,3
show,3
mediagazer,3
side,3
amy,3
robach,3
bridge,3
became,3
balakrishnan,3
electronics,3
department,3
associated,3
press,3
peddling,3
narrative,3
hard,3
cult,3
tony,3
abbott,3
other,3
bog,3
remittance,3
techmeme,3
mike,3
padres,3
retirement,3
shut,3
young,3
republicans,3
encrypted,3
political,3
announces,3
scoring,3
carolina,3
cannabis,3
jaisalmer,3
jodhpur,3
bus,3
least,3
system,3
coal,3
stopped,3
dylan,3
cathie,3
wood,3
rocket,3
lab,3
away,3
pile,3
dot,3
boom,3
imf,3
mazzulla,3
pickup,3
prosecutor,3
glut,3
cytokinetics,2
appli,2
days,2
greenwich,2
invited,2
level,2
leadership,2
please,2
swiggy,2
outlook,2
getting,2
since,2
country,2
radar,2
book,2
angus,2
gidley,2
baird,2
sydney,2
based,2
discusses,2
banks,2
markets,2
bed,2
dads,2
grammy,2
award,2
exciting,2
surrogate,2
pregnant,2
rehearsal,2
programs,2
taking,2
hospitality,2
setting,2
standards,2
rewarding,2
shaping,2
greener,2
sneak,2
peek,2
images,2
re,2
king,2
carrie,2
preston,2
starring,2
didn,2
want,2
tv,2
tagged,2
death,2
conservatism,2
isn,2
viable,2
necessary,2
traditional,2
come,2
james,2
offers,2
solution,2
likely,2
host,2
undefeated,2
hedges,2
win,2
hall,2
sides,2
steve,2
per,2
judge,2
rule,2
motions,2
fraud,2
sexual,2
abuse,2
memphis,2
sanjeev,2
kumar,2
accused,2
performing,2
unnecessary,2
procedures,2
meant,2
single,2
case,2
inside,2
queensland,2
jumbo,2
santana,2
minerals,2
telix,2
charging,2
having,2
motley,2
index,2
points,2
four,2
rising,2
orders,2
scour,2
electric,2
bills,2
lower,2
ve,2
act,2
videos,2
scale,2
andhra,2
pradesh,2
largest,2
date,2
save,2
user,2
password,2
subscribers,2
enter,2
called,2
justin,2
timberlake,2
final,2
piece,2
yahoo,2
crosshairs,2
influential,2
appointed,2
chancellor,2
trumps,2
alex,2
sox,2
families,2
peace,2
torture,2
starvation,2
hands,2
captors,2
nbc,2
nightly,2
anchor,2
llamas,2
made,2
faced,2
dominant,2
performan,2
corporation,2
results,2
diplomatic,2
breakthroughs,2
presidents,2
barack,2
biden,2
failed,2
fox,2
road,2
users,2
km,2
tunnel,2
highway,2
nearly,2
dakotans,2
areas,2
healthcare,2
difficult,2
depending,2
head,2
pega,2
draw,2
available,2
says,2
ties,2
leader,2
united,2
weeks,2
plan,2
help,2
ceo,2
mahagathbandhan,2
seat,2
sharing,2
arrangement,2
might,2
congress,2
speaking,2
claimed,2
ala,2
wkrg,2
awarded,2
substantial,2
alabama,2
resiliency,2
project,2
visa,2
resulting,2
even,2
children,2
warehouse,2
rumor,2
among,2
demands,2
lacks,2
trading,2
digital,2
value,2
speculative,2
message,2
ex,2
concern,2
go,2
police,2
distressing,2
incident,2
walt,2
contemporary,2
resort,2
body,2
observers,2
fall,2
accurately,2
event,2
rookie,2
barrett,2
carter,2
benched,2
linebacker,2
started,2
survivalblog,2
readers,2
editors,2
weekly,2
column,2
collection,2
responses,2
articles,2
practical,2
self,2
sufficiency,2
tos,2
lessons,2
learned,2
tips,2
tricks,2
partisanship,2
too,2
anthony,2
kennedy,2
addressed,2
presidential,2
cases,2
couldn,2
wanted,2
sporting,2
nv,2
halting,2
manufacture,2
compass,2
toronto,2
throwing,2
doubt,2
major,2
bloomberg,2
counting,2
switch,2
elections,2
doubling,2
months,2
does,2
hold,2
voted,2
declare,2
gives,2
assistance,2
suffered,2
ap,2
python,2
technical,2
browser,2
try,2
russia,2
ukraine,2
second,2
netanyahu,2
bbc,2
interview,2
israeli,2
application,2
ha,2
bitmine,2
chair,2
bitmex,2
founder,2
expect,2
climb,2
crash,2
lokah,2
chapter,2
chandra,2
malayalam,2
ideas,2
smartphone,2
sharma,2
crescent,2
island,2
processor,2
aimed,2
inference,2
workloads,2
renews,2
efforts,2
lucrative,2
accelerators,2
graphics,2
asia,2
briefing,2
hours,2
overview,2
pressure,2
cut,2
cooking,2
committee,2
oh,2
ramping,2
counsel,2
demanding,2
deals,2
advanced,2
micro,2
expanding,2
deployment,2
graphic,2
units,2
next,2
versions,2
sports,2
culture,2
entertainment,2
holmes,2
engagement,2
gma,2
stripe,2
arm,2
applied,2
occ,2
trust,2
took,2
mattel,2
director,2
sounds,2
cinematic,2
pay,2
positive,2
bros,2
unlikely,2
beneficiary,2
investor,2
rush,2
traders,2
mistook,2
scrip,2
listed,2
bourses,2
premium,2
aid,2
criticized,2
development,2
usaid,2
casting,2
adelman,2
nuggets,2
nikola,2
jokic,2
jonas,2
valanciunas,2
lowest,2
food,2
enduring,2
went,2
ghana,2
johnson,2
asiama,2
confidence,2
central,2
targets,2
west,2
changing,2
unprecedented,2
speed,2
rescue,2
rich,2
countries,2
intensifying,2
pressures,2
particularly,2
rapidly,2
aging,2
populations,2
shildt,2
surprise,2
departure,2
however,2
shildts,2
chat,2
politico,2
violent,2
tim,2
carpenter,2
topeka,2
vice,2
displaced,2
remnants,2
typhoon,2
halong,2
limited,2
options,2
winter,2
sets,2
jesus,2
christ,2
org,2
dallin,2
oaks,2
goals,2
glamorous,2
chances,2
created,2
somewhere,2
worries,2
racing,2
toward,2
something,2
irreversible,2
rolling,2
stone,2
unvaccinated,2
quarantined,2
outbreak,2
genetic,2
study,2
links,2
psychiatric,2
cognitive,2
physical,2
san,2
diego,2
killed,2
flames,2
modi,2
murmu,2
express,2
injured,2
rajasthan,2
england,2
operating,2
according,2
owners,2
url,2
facility,2
olivia,2
zac,2
song,2
turned,2
ballroom,2
affair,2
surveillance,2
empire,2
tracked,2
vatican,2
enemy,2
maybe,2
mother,2
jones,2
memeorandum,2
auto,2
generated,2
commentators,2
unlike,2
sites,2
human,2
edited,2
feds,2
ram,2
chase,2
residential,2
tear,2
crowd,2
sun,2
threatens,2
executed,2
trades,2
dkng,2
rklb,2
doordash,2
dash,2
fund,2
partners,2
byd,2
masterstroke,2
chain,2
diversification,2
pivoting,2
heading,2
preparing,2
number,2
stretches,2
past,2
moon,2
discounts,2
cart,2
button,2
exuberance,2
rights,2
reserved,2
school,2
poll,2
tri,2
village,2
mechanicsburg,2
ohio,2
beat,2
covering,2
play,2
content,2
tonight,2
triggered,2
outrage,2
forcing,2
own,2
picked,2
eastern,2
district,2
virginia,2
failing,2
evidence,2
criminal,2
bangladesh,2
garment,2
burned,2
toll,2
rise,2
steadied,2
expectations,2
escalating,2
incorporated,1
cytk,1
correction,1
left,1
register,1
executives,1
technology,1
execs,1
cio,1
explore,1
driven,1
growth,1
cybersecurity,1
fairfield,1
conn,1
issued,1
same,1
headline,1
speaker,1
sensex,1
nifty,1
bullish,1
moving,1
average,1
currently,1
june,1
indicates,1
bull,1
channel,1
cci,1
clears,1
vedantas,1
bid,1
acquire,1
laden,1
jaiprakash,1
associates,1
insolvency,1
process,1
todays,1
listen,1
kiwi,1
zealand,1
objects,1
rebecca,1
greaves,1
sam,1
ward,1
rabobanks,1
senior,1
analyst,1
managing,1
increased,1
volatility,1
australian,1
livestock,1
expecting,1
child,1
quick,1
travel,1
notable,1
example,1
dubai,1
sustainable,1
trave,1
ep,1
doll,1
eps,1
robert,1
michelle,1
showrunner,1
jonathan,1
tolins,1
wait,1
pass,1
along,1
very,1
cool,1
paramount,1
ick,1
bod,1
conservatives,1
hardcore,1
wingers,1
quickly,1
enough,1
senator,1
paterson,1
diagnosis,1
wrong,1
travails,1
actually,1
able,1
offer,1
speech,1
explosive,1
dawgs,1
thrilling,1
auburn,1
tigers,1
needs,1
space,1
offices,1
main,1
praised,1
agreement,1
executive,1
ehlmann,1
tremendous,1
known,1
courthouse,1
annex,1
approved,1
cha,1
dismissal,1
doctor,1
charged,1
gynecologist,1
faces,1
reusing,1
equipment,1
tenn,1
important,1
hearing,1
facing,1
accusing,1
gynecological,1
reusi,1
good,1
hump,1
fool,1
australia,1
xjo,1
benchmark,1
everybody,1
knows,1
dealing,1
massachusetts,1
problem,1
throughout,1
northeast,1
gov,1
maura,1
ordered,1
utilities,1
start,1
combing,1
through,1
investigationsabc,1
speaks,1
rare,1
interviewnbc,1
idea,1
politics,1
accelerate,1
transformation,1
establish,1
marking,1
stated,1
valued,1
prefer,1
log,1
information,1
each,1
visit,1
activate,1
function,1
mansion,1
mansionthe,1
firebombing,1
josh,1
shapiro,1
residence,1
philadelphia,1
nyc,1
urges,1
boosting,1
immigrant,1
recommending,1
steps,1
opt,1
mlb,1
plate,1
quad,1
injury,1
infielder,1
opting,1
contract,1
becoming,1
agent,1
offseason,1
highly,1
disarm,1
story,1
appe,1
frederic,1
scores,1
skinner,1
shines,1
thehockeynews,1
nhl,1
vfc,1
explains,1
explained,1
whereas,1
brokered,1
ceasefire,1
lanes,1
blocked,1
earlie,1
hosts,1
tackle,1
challenges,1
sioux,1
falls,1
dakota,1
numbers,1
lucky,1
tickets,1
several,1
aiming,1
players,1
choose,1
popular,1
powerball,1
vas,1
espionage,1
saga,1
complex,1
mps,1
including,1
conservative,1
kemi,1
badenoch,1
criticised,1
keir,1
starmer,1
labour,1
handling,1
alleged,1
spying,1
controversy,1
kingdom,1
dropped,1
legal,1
covertly,1
working,1
leap,1
need,1
promises,1
generate,1
capital,1
real,1
such,1
backend,1
infrastructure,1
brighten,1
prospects,1
matters,1
sundar,1
pichai,1
gigawatt,1
compute,1
election,1
members,1
every,1
constituency,1
carefully,1
told,1
pti,1
reporters,1
patna,1
spokesperson,1
abhay,1
dubey,1
bjp,1
announcement,1
partial,1
candidates,1
clearly,1
indicated,1
friction,1
nda,1
receives,1
learning,1
steamm,1
ahead,1
acc,1
uproar,1
deepseek,1
illusion,1
backlash,1
downright,1
xenophobic,1
thought,1
beijings,1
effort,1
attract,1
stem,1
talent,1
legions,1
patriotic,1
keyboard,1
warriors,1
eager,1
celebrate,1
americas,1
relative,1
decline,1
instead,1
launch,1
wo,1
did,1
ice,1
raid,1
truth,1
misrepresentation,1
genuine,1
spreading,1
rallying,1
customs,1
enforcement,1
agents,1
rescued,1
seven,1
raiding,1
circulated,1
maturity,1
systematic,1
discipline,1
speculation,1
fundamental,1
valuation,1
metrics,1
offering,1
unregulated,1
leverage,1
triggering,1
mass,1
liquidations,1
institutional,1
entry,1
intensifies,1
risks,1
overconfident,1
opinion,1
lucas,1
kiely,1
cryptos,1
type,1
quantifiable,1
possess,1
makes,1
entirely,1
posts,1
cryptic,1
focused,1
till,1
ends,1
toxic,1
eyebrow,1
raising,1
describes,1
involuntary,1
trip,1
rehab,1
early,1
father,1
embarrassed,1
writesshe,1
recalls,1
pre,1
guest,1
found,1
monorail,1
track,1
jump,1
point,1
viewing,1
area,1
caus,1
worlds,1
fallor,1
bench,1
lb,1
favor,1
base,1
defensive,1
snaps,1
select,1
reader,1
warns,1
judicial,1
nominations,1
perspective,1
qualms,1
assurances,1
modern,1
selection,1
program,1
desperate,1
reach,1
originally,1
preferred,1
clicking,1
eyes,1
fil,1
canadian,1
risk,1
plants,1
canada,1
companys,1
pla,1
voting,1
machines,1
lincoln,1
neb,1
nebraskans,1
cheap,1
foo,1
csc,1
beneficiaries,1
recently,1
analysts,1
believe,1
buying,1
declares,1
financial,1
struggling,1
raids,1
financially,1
ongoing,1
tsbuddy,1
buddy,1
versatile,1
module,1
built,1
empower,1
developers,1
professionals,1
resolving,1
provides,1
functions,1
designed,1
efficiently,1
diagnose,1
resolve,1
parsing,1
raw,1
text,1
stru,1
required,1
couldnt,1
load,1
extension,1
network,1
settings,1
connection,1
disable,1
blockers,1
using,1
diffe,1
things,1
stand,1
fighting,1
russian,1
forces,1
launched,1
powerful,1
glide,1
bombs,1
drones,1
ukraines,1
kharkiv,1
overnight,1
attacks,1
responds,1
remark,1
easiest,1
work,1
conducted,1
hospital,1
tending,1
freed,1
benjamin,1
responded,1
double,1
digits,1
suggesting,1
holding,1
prediction,1
despite,1
less,1
ott,1
kalyani,1
priyadarshan,1
superhit,1
film,1
grossed,1
rs,1
crore,1
worldwide,1
make,1
suggest,1
though,1
confirmation,1
grow,1
wealth,1
sectoral,1
trends,1
score,1
upside,1
bigbull,1
portfolio,1
mobile,1
phone,1
shot,1
fiscal,1
closing,1
fy,1
total,1
shipment,1
systemkonkona,1
sen,1
opens,1
onus,1
balancing,1
takes,1
crack,1
chip,1
gpus,1
unit,1
codenamed,1
optimized,1
ener,1
proc,1
structural,1
demand,1
anchors,1
bitcoin,1
liquidation,1
deleveraging,1
erased,1
positions,1
conviction,1
glassnode,1
cryptoquant,1
highlight,1
steady,1
whale,1
accumulation,1
usdt,1
persistent,1
moves,1
analysis,1
detailed,1
coindesk,1
daybook,1
dollar,1
fed,1
bets,1
feud,1
comes,1
sales,1
korea,1
unveils,1
curbs,1
rein,1
housing,1
rep,1
testimony,1
revelation,1
expand,1
sector,1
booming,1
further,1
expansion,1
beginning,1
third,1
quarter,1
presents,1
tumult,1
production,1
distribution,1
technologies,1
upending,1
scandal,1
engaged,1
pair,1
revealed,1
bells,1
ringing,1
booted,1
romantic,1
relationship,1
issuers,1
race,1
charters,1
joins,1
queue,1
joining,1
others,1
vying,1
approval,1
brief,1
stripes,1
form,1
genius,1
charter,1
place,1
issuance,1
reserves,1
think,1
sound,1
stages,1
exec,1
masters,1
universe,1
scope,1
reveals,1
reaction,1
quite,1
struck,1
dirt,1
barbie,1
critical,1
reception,1
highest,1
grossing,1
haul,1
toy,1
jumps,1
mistake,1
economic,1
reported,1
citing,1
brokers,1
rushed,1
econ,1
slams,1
blame,1
secretary,1
marco,1
rubio,1
deaths,1
ch,1
david,1
lineup,1
hilarious,1
tape,1
saying,1
perfect,1
thing,1
definitely,1
peculiar,1
sights,1
decade,1
far,1
core,1
fans,1
potato,1
middle,1
denver,1
thir,1
cnbc,1
word,1
traded,1
considering,1
retribution,1
rocky,1
swinging,1
highs,1
lows,1
quality,1
thrones,1
eight,1
seasons,1
wpi,1
eases,1
wholesale,1
inflation,1
moderated,1
dipped,1
deflation,1
fuel,1
observed,1
experts,1
emi,1
calculatordetermine,1
monthly,1
installment,1
amount,1
loan,1
farce,1
office,1
maintains,1
minster,1
match,1
spofforth,1
swoops,1
towards,1
mosman,1
bay,1
peak,1
thoroughfare,1
military,1
eventually,1
hitting,1
slope,1
sufficiently,1
steep,1
postcard,1
skyli,1
expects,1
rebound,1
moneta,1
debts,1
increase,1
benefit,1
countri,1
incre,1
archive,1
et,1
current,1
version,1
always,1
lasting,1
personnel,1
insisting,1
call,1
exit,1
feeling,1
worn,1
la,1
inexcusable,1
republican,1
group,1
shocking,1
chatby,1
reflector,1
chats,1
pe,1
reflectoroctober,1
inap,1
lack,1
weather,1
data,1
budget,1
cuts,1
impacted,1
forecast,1
deadly,1
stormcnn,1
severe,1
flooding,1
guard,1
offi,1
presidency,1
ksl,1
presidencyksl,1
invites,1
announcementnewsroom,1
churchofjesuschrist,1
named,1
mormon,1
churchthe,1
lds,1
ne,1
assists,1
men,1
history,1
lionel,1
messi,1
fifa,1
superstars,1
often,1
teammates,1
assisting,1
memoir,1
alarm,1
spearsthe,1
stood,1
sons,1
aol,1
outbreakaol,1
continue,1
outbreaks,1
countrynpr,1
rises,1
vaccination,1
casesusa,1
uc,1
healthuc,1
scientists,1
identify,1
reason,1
addicted,1
cannabisthe,1
genes,1
linked,1
reveal,1
mental,1
healthneuros,1
bursts,1
grief,1
cm,1
condolences,1
twenty,1
burnt,1
alive,1
critically,1
private,1
travelling,1
suddenly,1
presi,1
mumbai,1
continuous,1
came,1
effect,1
clear,1
cheques,1
achieve,1
aquarius,1
horoscope,1
rahu,1
wants,1
finish,1
unglamorous,1
article,1
www,1
nhpr,1
nh,1
englands,1
ycombinator,1
item,1
fired,1
merrimack,1
station,1
running,1
closure,1
poised,1
become,1
states,1
coa,1
dances,1
little,1
brother,1
dwts,1
dedication,1
dedicated,1
dance,1
danced,1
rewrite,1
audience,1
puddle,1
tears,1
performance,1
competition,1
dedi,1
hidden,1
wap,1
whose,1
untraceable,1
targeted,1
politicians,1
journalists,1
celebrities,1
activists,1
prob,1
late,1
near,1
avenue,1
east,1
dozens,1
showing,1
protest,1
fede,1
japan,1
discuss,1
uniting,1
behind,1
tamaki,1
farm,1
sued,1
illinois,1
probe,1
homeowner,1
premiums,1
halt,1
soybean,1
freeze,1
goes,1
million,1
purchase,1
rivals,1
kalshi,1
sells,1
bats,1
arkk,1
purchased,1
tradethe,1
tabletop,1
robot,1
ev,1
giant,1
pivots,1
au,1
cheapest,1
shame,1
proof,1
round,1
wallet,1
tests,1
includes,1
adventures,1
chaos,1
monetary,1
cautioned,1
echoes,1
copyright,1
bennett,1
coleman,1
reprint,1
syndi,1
moved,1
division,1
vi,1
fifth,1
winless,1
bradford,1
keep,1
pace,1
preble,1
shawnee,1
atop,1
western,1
athletic,1
confer,1
eighth,1
straight,1
