entity,count,date
nyse,356,2025-09-08
nasdaq,164,2025-09-08
sec,138,2025-09-08
trexquant investment lp,116,2025-09-08
benzinga,60,2025-09-08
donald trump,54,2025-09-08
holdingschannel,52,2025-09-08
mtv,49,2025-09-08
us,48,2025-09-08
the securities & exchange commission,44,2025-09-08
fly,40,2025-09-08
state of wyoming,40,2025-09-08
window.open(this.href,40,2025-09-08
new zealand,40,2025-09-08
nfl,38,2025-09-08
japan,36,2025-09-08
tse,35,2025-09-08
trump,32,2025-09-08
georgia,32,2025-09-08
moderate buy,32,2025-09-08
hamas,32,2025-09-08
hyundai,30,2025-09-08
trexquant investment lp trexquant investment lp,30,2025-09-08
baltimore ravens,28,2025-09-08
eps,28,2025-09-08
william blair,28,2025-09-08
south korean,26,2025-09-08
china,26,2025-09-08
israel,24,2025-09-08
bills,24,2025-09-08
