key,count
accord recent,6016
recent filing,2875
price target,1980
real time,1933
filing security,1878
buy rating,1876
earning call,1865
institutional investor,1826
position share,1822
late financial,1816
money manager,1813
time stream,1812
market intelligence,1808
individual investor,1808
stream feed,1806
see rest,1805
provide late,1804
break know,1804
leader market,1803
rest provide,1802
financial break,1802
know leader,1802
intelligence fly,1802
fly real,1802
feed keep,1802
keep individual,1802
investor professional,1802
professional money,1802
manager active,1802
active trader,1802
