bigram,count
free report,453
quart accord,199
wellington management,144
management group,144
group llp,144
northern trust,144
trust corp,144
dur quart,141
report quart,140
report dur,133
window open,120
open href,120
href blank',120
blank' return,120
return false,120
get free,115
accord recent,108
inc nyse,96
accord company,92
earning call,86
call analyst,86
analyst event,86
event roadshow,86
stake shar,86
company recent,83
recent fil,77
company inc,74
american century,72
century company,72
inc nasdaq,70
